{
    "precision": 0.6166666666666667,
    "recall": 0.6166666666666667,
    "f1": 0.6166666666666667
}